symbol,chr_name,chr_start,chr_end,strand,effect,ref_aa,pep_coord,alt_aa_list,ensembl_transcript,gene_id
BRCA1,17,43057059,43057063,-1,frameshift,"D,Q",1777,"Kfs*71,fs*74",ENST00000471181,SIDG02496
BRCA2,13,32340301,32340301,1,frameshift,S,1982,"Rfs*22,fs*22",ENST00000544455,SIDG02498
BRCA1,17,43124028,43124029,-1,frameshift,E,23,fs*17,ENST00000471181,SIDG02496
BLM,15,90761015,90761017,1,nonsense,Q,548,*,ENST00000355112,SIDG02318
BRIP1,17,61716049,61716051,-1,nonsense,R,798,*,ENST00000259008,SIDG02533
CHEK2,22,28695218,28695220,-1,missense,S,471,F,ENST00000382580,SIDG04554
CHEK2,22,28725242,28725242,-1,ess_splice,,,,ENST00000382580,SIDG04554
ATM,11,108312424,108312426,1,nonsense,E,1978,*,ENST00000278616,SIDG01764
BUB1B,15,40217578,40217580,1,missense,Q,921,H,ENST00000287598,SIDG02641
GJB2,13,20189347,20189347,-1,frameshift,L,79,fs*3,ENST00000382844,SIDG10119
BRCA1,17,43091781,43091783,-1,nonsense,E,1250,*,ENST00000471181,SIDG02496
CDKN2A,9,21970975,21970975,-1,silent,R,128,R,ENST00000304494,SIDG04185
DKC1,X,154769233,154769235,1,missense,S,280,R,ENST00000369550,SIDG06603
PALB2,16,23636036,23636038,-1,frameshift,R,170,"Ifs*14,fs*14",ENST00000261584,SIDG23865
POT1,7,124842881,124842883,-1,nonsense,R,363,*,ENST00000357628,SIDG25294
RECQL,12,21471425,21471428,-1,ess_splice,,,,ENST00000444129,SIDG27001
FAH,15,80173088,80173090,1,missense,P,261,L,ENST00000407106,SIDG08319
RAD51D,17,35118566,35118566,-1,silent,V,66,V,ENST00000345365,SIDG26617
RECQL4,8,144514983,144514983,-1,frameshift,C,525,Afs*33,ENST00000617875,SIDG27002
RET,10,43119692,43119694,1,missense,I,852,M,ENST00000355710,SIDG27044
SDHA,5,223509,223511,1,nonsense,R,31,*,ENST00000264932,SIDG33914
SERPINA1,14,94382686,94382686,-1,silent,Y,184,Y,ENST00000448921,SIDG34150
WRN,8,31081132,31081134,1,nonsense,R,369,*,ENST00000298139,SIDG41173
AR,X,67717483,67717485,1,missense,R,727,L,ENST00000374690,SIDG01312
ATM,11,108315910,108315911,1,missense,R,2032,K,ENST00000278616,SIDG01764
ATM,11,108316011,108316011,1,missense,R,2032,K,ENST00000278616,SIDG01764
ATM,11,108335104,108335106,1,missense,V,2716,"A,F",ENST00000278616,SIDG01764
BRCA1,17,43106485,43106487,-1,missense,C,61,G,ENST00000471181,SIDG02496
BRCA2,13,32329468,32329470,1,frameshift,V,220,"Ifs*4,fs*4",ENST00000544455,SIDG02498
GJB2,13,20189256,20189269,-1,frameshift,K,105,fs*5,ENST00000382844,SIDG10119
PALB2,16,23635787,23635788,-1,frameshift,S,254,"Ifs*3,fs*3",ENST00000261584,SIDG23865
RET,10,43114500,43114502,1,missense,C,634,"R,S,W,Y",ENST00000355710,SIDG27044
ATM,11,108251026,108251027,1,frameshift,E,522,fs*43,ENST00000278616,SIDG01764
ATM,11,108304801,108304803,1,nonsense,R,1875,*,ENST00000278616,SIDG01764
BRCA1,17,43063929,43063931,-1,missense,R,1720,"L,Q,W",ENST00000471181,SIDG02496
BRCA1,17,43091463,43091468,-1,frameshift,N,1355,"Kfs*10,fs*10",ENST00000471181,SIDG02496
BRCA1,17,43091494,43091497,-1,frameshift,"E,R",1346,"Efs*18,Kfs*20,fs*20",ENST00000471181,SIDG02496
BRCA1,17,43093074,43093074,-1,frameshift,D,821,fs*25,ENST00000471181,SIDG02496
CHEK2,22,28695239,28695239,-1,frameshift,S,465,fs*15,ENST00000382580,SIDG04554
FANCA,16,89792034,89792037,-1,frameshift,V,372,fs*42,ENST00000389301,SIDG08782
FANCC,9,95150054,95150056,-1,nonsense,R,185,*,ENST00000289081,SIDG08784
MET,7,116777409,116777411,1,missense,H,1112,"L,R,Y",ENST00000318493,SIDG17604
PALB2,16,23629895,23629897,-1,nonsense,R,753,*,ENST00000261584,SIDG23865
PMS2,7,5987076,5987078,-1,nonsense,R,563,*,ENST00000265849,SIDG25103
PMS2,7,6003982,6003982,-1,silent,F,80,F,ENST00000265849,SIDG25103
PMS2,7,6009018,6009018,-1,start_lost,,,,ENST00000265849,SIDG25103
RAD51C,17,58703201,58703201,1,silent,R,193,R,ENST00000337432,SIDG26616
RET,10,43113648,43113650,1,missense,C,618,"R,Y",ENST00000355710,SIDG27044
RET,10,43119548,43119550,1,missense,V,804,"L,M",ENST00000355710,SIDG27044
RET,10,43121949,43121951,1,missense,R,912,P,ENST00000355710,SIDG27044
TMEM127,2,96254987,96254989,-1,missense,M,85,V,ENST00000258439,SIDG37976
TP53,17,7675138,7675140,-1,missense,R,158,"C,F,G,H,L,P,S",ENST00000269305,SIDG38363
VHL,3,10142139,10142141,1,missense,Y,98,"H,N",ENST00000256474,SIDG40703
VHL,3,10149822,10149824,1,missense,R,167,"Q,W",ENST00000256474,SIDG40703
ATM,11,108284281,108284281,1,frameshift,V,1268,fs*1,ENST00000278616,SIDG01764
ATM,11,108327665,108327668,1,frameshift,"T,Y",2334,"Nfs*40,fs*4,fs*40",ENST00000278616,SIDG01764
ATM,11,108353881,108353881,1,ess_splice,,,,ENST00000278616,SIDG01764
ATR,3,142515437,142515438,-1,frameshift,F,1487,fs*18,ENST00000350721,SIDG01954
BAP1,3,52402606,52402608,-1,nonsense,Q,684,*,ENST00000460680,SIDG02114
BARD1,2,214745840,214745842,-1,nonsense,Q,564,*,ENST00000260947,SIDG02115
BLM,15,90765319,90765321,1,nonsense,Q,700,*,ENST00000355112,SIDG02318
BLM,15,90769537,90769538,1,frameshift,R,836,fs*18,ENST00000355112,SIDG02318
BRCA1,17,43093056,43093056,-1,frameshift,D,825,"Efs*21,fs*21",ENST00000471181,SIDG02496
BRCA1,17,43095924,43095924,-1,ess_splice,,,,ENST00000471181,SIDG02496
BRCA1,17,43104956,43104956,-1,missense,R,71,G,ENST00000471181,SIDG02496
BRCA1,17,43106456,43106457,-1,missense,R,71,G,ENST00000471181,SIDG02496
BRCA2,13,32332740,32332740,1,frameshift,N,422,fs*8,ENST00000544455,SIDG02498
BRCA2,13,32337161,32337166,1,frameshift,"A,K",938,"Nfs*24,Pfs*21,fs*21",ENST00000544455,SIDG02498
BRCA2,13,32339566,32339569,1,frameshift,T,1738,fs*2,ENST00000544455,SIDG02498
BRCA2,13,32340997,32341002,1,frameshift,Y,2215,"Sfs*13,fs*13,fs*14",ENST00000544455,SIDG02498
BRCA2,13,32346831,32346836,1,frameshift,I,2315,"Kfs*12,fs*12",ENST00000544455,SIDG02498
BRCA2,13,32356472,32356474,1,nonsense,R,2494,*,ENST00000544455,SIDG02498
BRCA2,13,32356550,32356552,1,nonsense,R,2520,*,ENST00000544455,SIDG02498
BRIP1,17,61683395,61683397,-1,missense,W,1217,C,ENST00000259008,SIDG02533
BRIP1,17,61683838,61683838,-1,frameshift,S,1070,fs*8,ENST00000259008,SIDG02533
BRIP1,17,61683850,61683850,-1,frameshift,S,1066,fs*12,ENST00000259008,SIDG02533
BRIP1,17,61744433,61744434,-1,frameshift,K,752,fs*12,ENST00000259008,SIDG02533
BRIP1,17,61744580,61744581,-1,frameshift,K,703,"Ifs*3,fs*3",ENST00000259008,SIDG02533
BRIP1,17,61780324,61780326,-1,nonsense,S,624,*,ENST00000259008,SIDG02533
BRIP1,17,61793687,61793687,-1,silent,Y,461,Y,ENST00000259008,SIDG02533
BUB1B,15,40220640,40220642,1,missense,L,1012,P,ENST00000287598,SIDG02641
CHEK2,22,28725276,28725278,-1,nonsense,R,180,*,ENST00000382580,SIDG04554
COL7A1,3,48593378,48593379,-1,frameshift,V,168,fs*12,ENST00000328333,SIDG05115
FAH,15,80180172,80180174,1,missense,G,337,S,ENST00000407106,SIDG08319
FAH,15,80181048,80181050,1,nonsense,E,357,*,ENST00000407106,SIDG08319
FANCE,6,35455853,35455855,1,nonsense,Q,119,*,ENST00000229769,SIDG08789
FANCG,9,35075278,35075278,-1,ess_splice,,,,ENST00000378643,SIDG08791
FANCG,9,35078336,35078338,-1,nonsense,E,105,*,ENST00000378643,SIDG08791
FANCI,15,89315318,89315320,1,nonsense,R,1285,*,ENST00000310775,SIDG08792
FANCM,14,45136314,45136316,1,nonsense,Q,95,*,ENST00000267430,SIDG08794
GJB2,13,20188916,20188918,-1,nonsense,S,222,*,ENST00000382844,SIDG10119
GJB2,13,20189411,20189413,-1,nonsense,Q,57,*,ENST00000382844,SIDG10119
GJB2,13,20189441,20189443,-1,nonsense,E,47,*,ENST00000382844,SIDG10119
MAX,14,65077983,65077985,-1,nonsense,R,75,*,ENST00000358664,SIDG17350
MLH1,3,37001036,37001038,1,missense,Y,97,C,ENST00000231790,SIDG19803
MSH2,2,47476399,47476401,1,nonsense,R,680,*,ENST00000233146,SIDG20308
MSH6,2,47806852,47806853,1,frameshift,*,1361,fs*4,ENST00000234420,SIDG20313
MUTYH,1,45331514,45331515,-1,frameshift,E,407,fs*43,ENST00000372098,SIDG21067
MUTYH,1,45332444,45332446,-1,missense,R,242,"C,H",ENST00000372098,SIDG21067
MUTYH,1,45334491,45334493,-1,nonsense,R,19,*,ENST00000372098,SIDG21067
NBN,8,89955538,89955538,-1,frameshift,P,381,fs*23,ENST00000265433,SIDG21410
NBN,8,89971174,89971177,-1,frameshift,K,233,fs*5,ENST00000265433,SIDG21410
PALB2,16,23630102,23630102,-1,frameshift,R,686,fs*23,ENST00000261584,SIDG23865
PALB2,16,23637886,23637889,-1,frameshift,Q,60,fs*7,ENST00000261584,SIDG23865
POLE,12,132639196,132639198,-1,nonsense,S,1827,*,ENST00000320574,SIDG25201
PRDM9,5,23527639,23527641,1,nonsense,Q,851,*,ENST00000296682,SIDG25700
PRDM9,5,23527750,23527752,1,nonsense,Y,888,*,ENST00000296682,SIDG25700
PTCH1,9,95516820,95516820,-1,start_lost,,,,ENST00000437951,SIDG26185
PTEN,10,87864548,87864548,1,missense,Y,27,"C,D,H,N,S",ENST00000371953,SIDG26200
PTEN,10,87894025,87894026,1,missense,Y,27,"C,D,H,N,S",ENST00000371953,SIDG26200
PTPN11,12,112450352,112450354,1,missense,N,58,S,ENST00000351677,SIDG26287
RAD50,5,132638203,132638205,1,nonsense,R,1200,*,ENST00000378823,SIDG26609
RECQL,12,21474840,21474840,-1,ess_splice,,,,ENST00000444129,SIDG27001
RECQL,12,21475675,21475675,-1,ess_splice,,,,ENST00000444129,SIDG27001
RECQL4,8,144513139,144513139,-1,ess_splice,,,,ENST00000617875,SIDG27002
RET,10,43114491,43114493,1,missense,D,631,Y,ENST00000355710,SIDG27044
RHBDF2,17,76477287,76477289,-1,missense,S,300,C,ENST00000313080,SIDG27168
SDHB,1,17028599,17028599,-1,ess_splice,,,,ENST00000375499,SIDG33922
SDHB,1,17044880,17044882,-1,nonsense,R,27,*,ENST00000375499,SIDG33922
TSC1,9,132904412,132904414,-1,nonsense,G,680,*,ENST00000298552,SIDG39640
UROD,1,45015487,45015489,1,nonsense,R,365,*,ENST00000246337,SIDG40436
VHL,3,10149807,10149809,1,missense,C,162,"F,R,W,Y",ENST00000256474,SIDG40703
VHL,3,10149885,10149887,1,missense,L,188,"P,Q,R,V",ENST00000256474,SIDG40703
APC,5,112754960,112754962,1,nonsense,R,24,*,ENST00000257430,SIDG01214
APC,5,112766395,112766397,1,nonsense,L,69,*,ENST00000257430,SIDG01214
APC,5,112792531,112792531,1,ess_splice,,,,ENST00000257430,SIDG01214
APC,5,112840227,112840229,1,nonsense,S,1545,*,ENST00000257430,SIDG01214
APC,5,112841416,112841419,1,frameshift,D,1942,fs*27,ENST00000257430,SIDG01214
ATM,11,108227627,108227627,1,start_lost,,,,ENST00000278616,SIDG01764
ATM,11,108227691,108227693,1,nonsense,R,23,*,ENST00000278616,SIDG01764
ATM,11,108229275,108229277,1,nonsense,Q,95,*,ENST00000278616,SIDG01764
ATM,11,108235699,108235701,1,nonsense,L,121,*,ENST00000278616,SIDG01764
ATM,11,108235784,108235787,1,frameshift,S,151,fs*1,ENST00000278616,SIDG01764
ATM,11,108243952,108243952,1,ess_splice,,,,ENST00000278616,SIDG01764
ATM,11,108244913,108244913,1,frameshift,Y,264,fs*12,ENST00000278616,SIDG01764
ATM,11,108245027,108245027,1,ess_splice,,,,ENST00000278616,SIDG01764
ATM,11,108247086,108247092,1,frameshift,E,343,"Ifs*2,fs*2",ENST00000278616,SIDG01764
ATM,11,108250804,108250806,1,nonsense,R,447,*,ENST00000278616,SIDG01764
ATM,11,108253827,108253829,1,missense,K,638,N,ENST00000675843,SIDG01764
ATM,11,108259022,108259024,1,nonsense,R,805,*,ENST00000278616,SIDG01764
ATM,11,108271147,108271147,1,ess_splice,,,,ENST00000278616,SIDG01764
ATM,11,108279498,108279500,1,nonsense,Q,1098,*,ENST00000278616,SIDG01764
ATM,11,108281168,108281168,1,silent,K,1192,K,ENST00000278616,SIDG01764
ATM,11,108289683,108289685,1,nonsense,K,1440,*,ENST00000278616,SIDG01764
ATM,11,108294992,108294993,1,frameshift,K,1615,fs*19,ENST00000278616,SIDG01764
ATM,11,108301760,108301760,1,frameshift,L,1764,"Yfs*12,fs*12",ENST00000278616,SIDG01764
ATM,11,108302975,108302975,1,frameshift,D,1815,fs*13,ENST00000278616,SIDG01764
ATM,11,108304724,108304724,1,frameshift,L,1850,fs*67,ENST00000278616,SIDG01764
ATM,11,108326116,108326117,1,frameshift,E,2290,fs*1,ENST00000278616,SIDG01764
ATM,11,108329153,108329155,1,nonsense,S,2408,*,ENST00000278616,SIDG01764
ATM,11,108331946,108331949,1,frameshift,N,2567,fs*5,ENST00000278616,SIDG01764
ATM,11,108331951,108331952,1,frameshift,D,2569,fs*1,ENST00000278616,SIDG01764
ATM,11,108343338,108343347,1,frameshift,F,2799,fs*4,ENST00000278616,SIDG01764
ATM,11,108345750,108345750,1,frameshift,K,2811,fs*46,ENST00000278616,SIDG01764
ATM,11,108345764,108345764,1,frameshift,E,2814,fs*43,ENST00000278616,SIDG01764
ATM,11,108345818,108345820,1,missense,R,2832,"C,S",ENST00000278616,SIDG01764
ATM,11,108354838,108354848,1,frameshift,M,2938,fs*14,ENST00000278616,SIDG01764
ATM,11,108365208,108365210,1,nonsense,R,2993,*,ENST00000278616,SIDG01764
ATM,11,108365359,108365361,1,missense,R,3008,"C,H,L,S",ENST00000278616,SIDG01764
ATR,3,142449546,142449548,-1,nonsense,R,2606,*,ENST00000350721,SIDG01954
ATR,3,142469340,142469342,-1,nonsense,S,2183,*,ENST00000350721,SIDG01954
ATR,3,142469358,142469360,-1,nonsense,W,2177,*,ENST00000350721,SIDG01954
ATR,3,142470127,142470128,-1,frameshift,L,2093,fs*3,ENST00000350721,SIDG01954
ATR,3,142498617,142498619,-1,nonsense,R,1846,*,ENST00000350721,SIDG01954
ATR,3,142508043,142508044,-1,frameshift,T,1640,fs*21,ENST00000350721,SIDG01954
ATR,3,142522758,142522760,-1,nonsense,R,1412,*,ENST00000350721,SIDG01954
ATR,3,142553399,142553399,-1,ess_splice,,,,ENST00000350721,SIDG01954
ATR,3,142553741,142553741,-1,ess_splice,,,,ENST00000350721,SIDG01954
ATR,3,142560313,142560315,-1,nonsense,L,497,*,ENST00000350721,SIDG01954
ATR,3,142561365,142561367,-1,nonsense,E,409,*,ENST00000350721,SIDG01954
ATR,3,142562426,142562427,-1,frameshift,V,327,fs*3,ENST00000350721,SIDG01954
AXIN2,17,65537837,65537837,-1,ess_splice,,,,ENST00000307078,SIDG02004
BAP1,3,52403786,52403787,-1,frameshift,K,453,fs*15,ENST00000460680,SIDG02114
BAP1,3,52403798,52403800,-1,missense,A,449,T,ENST00000460680,SIDG02114
BAP1,3,52406253,52406255,-1,nonsense,Q,261,*,ENST00000460680,SIDG02114
BAP1,3,52407317,52407318,-1,ess_splice,,,,ENST00000460680,SIDG02114
BAP1,3,52407957,52407957,-1,ess_splice,,,,ENST00000460680,SIDG02114
BAP1,3,52408550,52408550,-1,frameshift,R,60,fs*12,ENST00000460680,SIDG02114
BARD1,2,214752471,214752473,-1,nonsense,S,551,*,ENST00000260947,SIDG02115
BARD1,2,214780656,214780658,-1,nonsense,R,406,*,ENST00000260947,SIDG02115
BLM,15,90782907,90782909,1,nonsense,W,881,*,ENST00000355112,SIDG02318
BLM,15,90784953,90784955,1,nonsense,R,899,*,ENST00000355112,SIDG02318
BLM,15,90790679,90790681,1,missense,G,952,V,ENST00000355112,SIDG02318
BLM,15,90803577,90803579,1,nonsense,R,1139,*,ENST00000355112,SIDG02318
BRCA1,17,43047665,43047667,-1,nonsense,W,1836,*,ENST00000471181,SIDG02496
BRCA1,17,43049163,43049165,-1,missense,G,1809,"D,V",ENST00000471181,SIDG02496
BRCA1,17,43049192,43049192,-1,frameshift,Q,1800,"Nfs*14,fs*14",ENST00000471181,SIDG02496
BRCA1,17,43051118,43051118,-1,ess_splice,,,,ENST00000471181,SIDG02496
BRCA1,17,43057055,43057055,-1,silent,R,1779,R,ENST00000471181,SIDG02496
BRCA1,17,43057076,43057078,-1,nonsense,R,1772,*,ENST00000471181,SIDG02496
BRCA1,17,43063889,43063889,-1,frameshift,V,1734,fs*1,ENST00000471181,SIDG02496
BRCA1,17,43067649,43067655,-1,frameshift,T,1698,"Ifs*2,fs*2",ENST00000471181,SIDG02496
BRCA1,17,43071225,43071227,-1,nonsense,Y,1584,*,ENST00000471181,SIDG02496
BRCA1,17,43082460,43082461,-1,frameshift,S,1434,fs*2,ENST00000471181,SIDG02496
BRCA1,17,43082518,43082518,-1,frameshift,E,1415,fs*4,ENST00000471181,SIDG02496
BRCA1,17,43082537,43082539,-1,nonsense,Q,1408,*,ENST00000471181,SIDG02496
BRCA1,17,43090945,43090946,-1,frameshift,Q,1395,fs*11,ENST00000471181,SIDG02496
BRCA1,17,43091562,43091564,-1,nonsense,Q,1323,*,ENST00000471181,SIDG02496
BRCA1,17,43091819,43091820,-1,frameshift,P,1238,fs*27,ENST00000471181,SIDG02496
BRCA1,17,43091832,43091832,-1,silent,K,1233,K,ENST00000471181,SIDG02496
BRCA1,17,43091999,43092000,-1,frameshift,S,1178,fs*1,ENST00000471181,SIDG02496
BRCA1,17,43092126,43092128,-1,nonsense,Q,1135,*,ENST00000471181,SIDG02496
BRCA1,17,43092174,43092174,-1,silent,T,1119,T,ENST00000471181,SIDG02496
BRCA1,17,43092761,43092765,-1,frameshift,V,923,"Ifs*76,fs*76",ENST00000471181,SIDG02496
BRCA1,17,43092823,43092824,-1,frameshift,C,903,fs*98,ENST00000471181,SIDG02496
BRCA1,17,43093140,43093142,-1,nonsense,E,797,*,ENST00000471181,SIDG02496
BRCA1,17,43093315,43093316,-1,frameshift,K,739,"Ifs*15,fs*15",ENST00000471181,SIDG02496
BRCA1,17,43093392,43093394,-1,nonsense,S,713,*,ENST00000471181,SIDG02496
BRCA1,17,43093570,43093570,-1,frameshift,K,654,fs*47,ENST00000471181,SIDG02496
BRCA1,17,43093647,43093650,-1,frameshift,S,628,fs*3,ENST00000471181,SIDG02496
BRCA1,17,43093842,43093844,-1,nonsense,Q,563,*,ENST00000471181,SIDG02496
BRCA1,17,43093907,43093908,-1,frameshift,N,542,fs*9,ENST00000471181,SIDG02496
BRCA1,17,43094022,43094023,-1,frameshift,R,504,fs*1,ENST00000471181,SIDG02496
BRCA1,17,43094415,43094417,-1,nonsense,W,372,*,ENST00000471181,SIDG02496
BRCA1,17,43094475,43094477,-1,nonsense,E,352,*,ENST00000471181,SIDG02496
BRCA1,17,43094635,43094637,-1,frameshift,V,299,"Rfs*4,fs*4",ENST00000471181,SIDG02496
BRCA1,17,43099808,43099810,-1,frameshift,Q,172,"Nfs*62,Tfs*10,fs*62",ENST00000471181,SIDG02496
BRCA1,17,43104233,43104234,-1,frameshift,E,111,fs*3,ENST00000471181,SIDG02496
BRCA1,17,43104867,43104867,-1,ess_splice,,,,ENST00000471181,SIDG02496
BRCA1,17,43106534,43106534,-1,ess_splice,,,,ENST00000471181,SIDG02496
BRCA2,13,32316462,32316462,1,start_lost,,,,ENST00000544455,SIDG02498
BRCA2,13,32316523,32316523,1,silent,K,21,K,ENST00000380152,SIDG02498
BRCA2,13,32319323,32319326,1,ess_splice,,,,ENST00000380152,SIDG02498
BRCA2,13,32326614,32326615,1,ess_splice,,,,ENST00000544455,SIDG02498
BRCA2,13,32331004,32331012,1,frameshift,"N,T",257,"Kfs*17,Kfs*19,fs*17",ENST00000544455,SIDG02498
BRCA2,13,32332358,32332360,1,nonsense,E,294,*,ENST00000380152,SIDG02498
BRCA2,13,32332503,32332503,1,frameshift,K,343,fs*6,ENST00000544455,SIDG02498
BRCA2,13,32332574,32332576,1,nonsense,L,366,*,ENST00000544455,SIDG02498
BRCA2,13,32336729,32336731,1,nonsense,Y,792,*,ENST00000544455,SIDG02498
BRCA2,13,32337006,32337011,1,frameshift,D,885,"Mfs*9,fs*9",ENST00000544455,SIDG02498
BRCA2,13,32337401,32337403,1,nonsense,E,1016,*,ENST00000544455,SIDG02498
BRCA2,13,32337464,32337466,1,nonsense,Q,1037,*,ENST00000544455,SIDG02498
BRCA2,13,32337541,32337544,1,frameshift,S,1064,fs*12,ENST00000544455,SIDG02498
BRCA2,13,32337959,32337959,1,frameshift,S,1203,fs*6,ENST00000544455,SIDG02498
BRCA2,13,32338201,32338203,1,frameshift,V,1283,"Kfs*2,fs*2",ENST00000544455,SIDG02498
BRCA2,13,32338329,32338333,1,frameshift,A,1327,"Cfs*4,fs*4",ENST00000544455,SIDG02498
BRCA2,13,32338581,32338582,1,frameshift,T,1410,fs*4,ENST00000544455,SIDG02498
BRCA2,13,32338760,32338764,1,frameshift,"D,I",1470,"Kfs*11,fs*11",ENST00000544455,SIDG02498
BRCA2,13,32338907,32338909,1,nonsense,E,1518,*,ENST00000544455,SIDG02498
BRCA2,13,32338982,32338982,1,frameshift,N,1544,fs*24,ENST00000544455,SIDG02498
BRCA2,13,32339045,32339046,1,frameshift,T,1566,"Dfs*9,fs*9",ENST00000544455,SIDG02498
BRCA2,13,32339148,32339151,1,frameshift,N,1599,fs*17,ENST00000544455,SIDG02498
BRCA2,13,32339243,32339245,1,nonsense,S,1630,*,ENST00000544455,SIDG02498
BRCA2,13,32339318,32339320,1,nonsense,Y,1655,*,ENST00000544455,SIDG02498
BRCA2,13,32339421,32339422,1,frameshift,W,1692,fs*3,ENST00000544455,SIDG02498
BRCA2,13,32339467,32339470,1,frameshift,N,1706,fs*5,ENST00000544455,SIDG02498
BRCA2,13,32339483,32339488,1,frameshift,Y,1710,"*fs*1,fs*1",ENST00000544455,SIDG02498
BRCA2,13,32339639,32339641,1,nonsense,Y,1762,*,ENST00000544455,SIDG02498
BRCA2,13,32339658,32339659,1,frameshift,L,1768,"Rfs*5,fs*5",ENST00000544455,SIDG02498
BRCA2,13,32339929,32339934,1,frameshift,I,1859,"Kfs*3,fs*3",ENST00000544455,SIDG02498
BRCA2,13,32340212,32340214,1,nonsense,E,1953,*,ENST00000544455,SIDG02498
BRCA2,13,32340218,32340220,1,nonsense,S,1955,*,ENST00000380152,SIDG02498
BRCA2,13,32340386,32340387,1,frameshift,S,2012,fs*5,ENST00000544455,SIDG02498
BRCA2,13,32340392,32340394,1,nonsense,K,2013,*,ENST00000544455,SIDG02498
BRCA2,13,32340630,32340631,1,frameshift,L,2092,"Pfs*7,fs*7",ENST00000544455,SIDG02498
BRCA2,13,32340757,32340769,1,frameshift,N,2135,"Kfs*29,Kfs*3,fs*3",ENST00000544455,SIDG02498
BRCA2,13,32340837,32340840,1,frameshift,K,2162,fs*5,ENST00000544455,SIDG02498
BRCA2,13,32344654,32344654,1,ess_splice,,,,ENST00000544455,SIDG02498
BRCA2,13,32346886,32346887,1,frameshift,P,2334,fs*6,ENST00000544455,SIDG02498
BRCA2,13,32355033,32355035,1,nonsense,R,2394,*,ENST00000544455,SIDG02498
BRCA2,13,32355289,32355289,1,ess_splice,,,,ENST00000544455,SIDG02498
BRCA2,13,32357807,32357808,1,frameshift,Q,2561,fs*4,ENST00000544455,SIDG02498
BRCA2,13,32362593,32362595,1,missense,W,2626,C,ENST00000544455,SIDG02498
BRCA2,13,32363404,32363405,1,frameshift,L,2736,fs*28,ENST00000544455,SIDG02498
BRCA2,13,32370955,32370955,1,ess_splice,,,,ENST00000544455,SIDG02498
BRCA2,13,32371001,32371002,1,frameshift,E,2846,fs*22,ENST00000544455,SIDG02498
BRCA2,13,32379792,32379793,1,frameshift,L,3000,"Vfs*18,fs*17",ENST00000544455,SIDG02498
BRCA2,13,32379821,32379825,1,frameshift,Y,3009,"Ifs*19,fs*7",ENST00000544455,SIDG02498
BRCA2,13,32379859,32379874,1,frameshift,E,3021,fs*2,ENST00000544455,SIDG02498
BRCA2,13,32380085,32380087,1,nonsense,Q,3066,*,ENST00000544455,SIDG02498
BRCA2,13,32380135,32380136,1,frameshift,T,3085,fs*26,ENST00000544455,SIDG02498
BRCA2,13,32394717,32394718,1,frameshift,E,3096,fs*15,ENST00000544455,SIDG02498
BRCA2,13,32394724,32394726,1,nonsense,Y,3098,*,ENST00000544455,SIDG02498
BRCA2,13,32394814,32394816,1,nonsense,R,3128,*,ENST00000380152,SIDG02498
BRCA2,13,32398663,32398665,1,nonsense,R,3384,*,ENST00000544455,SIDG02498
BRCA2,13,32398687,32398687,1,frameshift,E,3393,fs*34,ENST00000544455,SIDG02498
BRIP1,17,61683315,61683316,-1,frameshift,M,1244,fs*5,ENST00000259008,SIDG02533
BRIP1,17,61683381,61683382,-1,frameshift,E,1222,fs*7,ENST00000259008,SIDG02533
BRIP1,17,61683520,61683521,-1,frameshift,I,1176,fs*13,ENST00000259008,SIDG02533
BRIP1,17,61684141,61684141,-1,ess_splice,,,,ENST00000259008,SIDG02533
BRIP1,17,61716043,61716045,-1,nonsense,Y,800,*,ENST00000259008,SIDG02533
BRIP1,17,61743118,61743119,-1,frameshift,A,759,"Sfs*6,fs*6",ENST00000259008,SIDG02533
BRIP1,17,61780260,61780260,-1,ess_splice,,,,ENST00000259008,SIDG02533
BRIP1,17,61780891,61780893,-1,nonsense,R,581,*,ENST00000259008,SIDG02533
BRIP1,17,61784324,61784324,-1,frameshift,I,525,fs*65,ENST00000259008,SIDG02533
BRIP1,17,61857144,61857147,-1,frameshift,N,97,fs*3,ENST00000259008,SIDG02533
BRIP1,17,61857161,61857163,-1,nonsense,S,92,*,ENST00000259008,SIDG02533
BRIP1,17,61859866,61859868,-1,nonsense,E,45,*,ENST00000259008,SIDG02533
BRIP1,17,61861446,61861446,-1,ess_splice,,,,ENST00000259008,SIDG02533
BUB1B,15,40212643,40212645,1,missense,L,844,F,ENST00000287598,SIDG02641
CBL,11,119278256,119278258,1,missense,C,396,R,ENST00000264033,SIDG03557
CDH1,16,68812264,68812264,1,ess_splice,,,,ENST00000261769,SIDG04102
CDH1,16,68813322,68813324,1,nonsense,Q,383,*,ENST00000261769,SIDG04102
CDH1,16,68813549,68813550,1,intronic,,,,ENST00000566510,SIDG04102
CDH1,16,68813556,68813557,1,intronic,,,,ENST00000566510,SIDG04102
CDKN1B,12,12717842,12717842,1,start_lost,,,,ENST00000228872,SIDG04183
CDKN1B,12,12718044,12718046,1,missense,P,69,L,ENST00000228872,SIDG04183
CDKN1B,12,12721099,12721099,1,3prime_UTR_variant,,,,ENST00000396340,SIDG04183
CDKN2A,9,21971140,21971140,-1,silent,A,73,A,ENST00000304494,SIDG04185
CDKN2A,9,21974507,21974508,-1,intronic,,,,ENST00000380151,SIDG04185
CDKN2A,9,21974783,21974785,-1,nonsense,W,15,*,ENST00000498124,SIDG04185
CDKN2A,9,21994234,21994235,-1,frameshift,E,33,fs*30,ENST00000304494,SIDG04185
CHEK2,22,28689189,28689191,-1,nonsense,Q,539,*,ENST00000382580,SIDG04554
CHEK2,22,28689216,28689216,-1,ess_splice,,,,ENST00000382580,SIDG04554
CHEK2,22,28695133,28695134,-1,frameshift,E,500,"Rfs*33,fs*33",ENST00000382580,SIDG04554
CHEK2,22,28724991,28724992,-1,frameshift,L,236,fs*4,ENST00000382580,SIDG04554
CHEK2,22,28734443,28734445,-1,nonsense,W,93,*,ENST00000382580,SIDG04554
COL7A1,3,48565495,48565496,-1,nonsense,R,2814,*,ENST00000328333,SIDG05115
COL7A1,3,48565636,48565636,-1,nonsense,R,2814,*,ENST00000328333,SIDG05115
COL7A1,3,48566692,48566692,-1,frameshift,V,2758,fs*28,ENST00000328333,SIDG05115
COL7A1,3,48567631,48567633,-1,nonsense,E,2663,*,ENST00000328333,SIDG05115
COL7A1,3,48568506,48568506,-1,frameshift,G,2596,fs*35,ENST00000328333,SIDG05115
COL7A1,3,48573231,48573232,-1,frameshift,T,2220,fs*70,ENST00000328333,SIDG05115
COL7A1,3,48573892,48573892,-1,ess_splice,,,,ENST00000328333,SIDG05115
COL7A1,3,48574261,48574261,-1,ess_splice,,,,ENST00000328333,SIDG05115
COL7A1,3,48580030,48580030,-1,ess_splice,,,,ENST00000328333,SIDG05115
COL7A1,3,48581263,48581265,-1,nonsense,R,1632,*,ENST00000328333,SIDG05115
COL7A1,3,48582477,48582477,-1,ess_splice,,,,ENST00000328333,SIDG05115
COL7A1,3,48583737,48583737,-1,frameshift,P,1441,fs*269,ENST00000328333,SIDG05115
COL7A1,3,48585068,48585069,-1,frameshift,N,1315,fs*45,ENST00000328333,SIDG05115
COL7A1,3,48585611,48585611,-1,frameshift,G,1281,fs*44,ENST00000328333,SIDG05115
COL7A1,3,48587272,48587273,-1,frameshift,E,1019,fs*20,ENST00000328333,SIDG05115
COL7A1,3,48588961,48588963,-1,nonsense,Q,783,*,ENST00000328333,SIDG05115
COL7A1,3,48590256,48590258,-1,nonsense,R,669,*,ENST00000328333,SIDG05115
COL7A1,3,48590538,48590540,-1,nonsense,S,609,*,ENST00000328333,SIDG05115
COL7A1,3,48590719,48590721,-1,nonsense,R,578,*,ENST00000328333,SIDG05115
COL7A1,3,48593101,48593101,-1,ess_splice,,,,ENST00000328333,SIDG05115
COL7A1,3,48593106,48593108,-1,nonsense,R,226,*,ENST00000328333,SIDG05115
CTR9,11,10754964,10754966,1,nonsense,Y,51,*,ENST00000361367,SIDG05678
CTR9,11,10756840,10756840,1,ess_splice,,,,ENST00000361367,SIDG05678
CYLD,16,50751649,50751651,1,nonsense,K,184,*,ENST00000427738,SIDG05873
DDB2,11,47216467,47216469,1,nonsense,Q,87,*,ENST00000256996,SIDG06166
DDB2,11,47234610,47234612,1,nonsense,R,214,*,ENST00000256996,SIDG06166
DDB2,11,47234871,47234873,1,missense,R,273,H,ENST00000256996,SIDG06166
DICER1,14,95099779,95099779,-1,ess_splice,,,,ENST00000526495,SIDG06566
DICER1,14,95116582,95116582,-1,silent,T,541,T,ENST00000343455,SIDG06566
DOCK8,9,271626,271626,1,ess_splice,,,,ENST00000453981,SIDG06868
EPCAM,2,47369507,47369507,1,start_lost,,,,ENST00000263735,SIDG07872
EPCAM,2,47375233,47375233,1,ess_splice,,,,ENST00000263735,SIDG07872
EPCAM,2,47385211,47385211,1,ess_splice,,,,ENST00000263735,SIDG07872
ERCC3,2,127286770,127286772,-1,nonsense,R,425,*,ENST00000285398,SIDG07936
ERCC4,16,13947661,13947663,1,missense,R,689,S,ENST00000311895,SIDG07937
EXT1,8,117799790,117799792,-1,nonsense,Q,721,*,ENST00000378204,SIDG08228
EXT2,11,44108031,44108033,1,nonsense,Y,140,*,ENST00000533608,SIDG08229
EXT2,11,44109193,44109193,1,ess_splice,,,,ENST00000533608,SIDG08229
EXT2,11,44144313,44144315,1,nonsense,W,414,*,ENST00000358681,SIDG08229
EXT2,11,44144325,44144327,1,nonsense,Q,418,*,ENST00000358681,SIDG08229
EXT2,11,44171744,44171744,1,ess_splice,,,,ENST00000533608,SIDG08229
EXT2,11,44197916,44197918,1,nonsense,R,498,*,ENST00000533608,SIDG08229
EXT2,11,44198000,44198002,1,frameshift,N,526,fs*17,ENST00000533608,SIDG08229
EXT2,11,44206960,44206960,1,ess_splice,,,,ENST00000533608,SIDG08229
EXT2,11,44232352,44232352,1,ess_splice,,,,ENST00000533608,SIDG08229
EXT2,11,44234130,44234132,1,nonsense,Y,641,*,ENST00000533608,SIDG08229
EXT2,11,44236302,44236304,1,nonsense,R,682,*,ENST00000533608,SIDG08229
FAH,15,80168263,80168263,1,ess_splice,,,,ENST00000407106,SIDG08319
FAH,15,80181069,80181071,1,nonsense,E,364,*,ENST00000407106,SIDG08319
FANCA,16,89767183,89767185,-1,nonsense,R,853,*,ENST00000389301,SIDG08782
FANCC,9,95249253,95249255,-1,nonsense,Q,13,*,ENST00000289081,SIDG08784
FANCM,14,45136358,45136359,1,frameshift,P,112,fs*74,ENST00000267430,SIDG08794
FANCM,14,45137197,45137198,1,frameshift,D,214,fs*1,ENST00000267430,SIDG08794
FANCM,14,45154762,45154764,1,nonsense,E,417,*,ENST00000267430,SIDG08794
FANCM,14,45159189,45159190,1,frameshift,Q,498,fs*7,ENST00000267430,SIDG08794
FANCM,14,45159205,45159206,1,frameshift,I,503,fs*1,ENST00000267430,SIDG08794
FANCM,14,45166959,45166961,1,nonsense,Q,600,*,ENST00000267430,SIDG08794
FANCM,14,45175337,45175340,1,frameshift,K,863,fs*12,ENST00000267430,SIDG08794
FANCM,14,45175842,45175844,1,nonsense,R,1030,*,ENST00000267430,SIDG08794
FANCM,14,45181489,45181489,1,frameshift,R,1429,fs*7,ENST00000267430,SIDG08794
FANCM,14,45185238,45185238,1,frameshift,D,1513,fs*34,ENST00000267430,SIDG08794
FANCM,14,45189242,45189243,1,frameshift,T,1741,fs*14,ENST00000267430,SIDG08794
FANCM,14,45189363,45189363,1,ess_splice,,,,ENST00000267430,SIDG08794
FANCM,14,45196361,45196361,1,frameshift,Q,1844,fs*2,ENST00000267430,SIDG08794
FANCM,14,45198691,45198691,1,frameshift,L,1922,fs*1,ENST00000267430,SIDG08794
FH,1,241502467,241502469,-1,nonsense,E,404,*,ENST00000366560,SIDG09108
FH,1,241502540,241502541,-1,frameshift,M,380,fs*25,ENST00000366560,SIDG09108
FH,1,241504064,241504067,-1,frameshift,E,362,fs*10,ENST00000366560,SIDG09108
FH,1,241508780,241508782,-1,nonsense,S,187,*,ENST00000366560,SIDG09108
FH,1,241508787,241508787,-1,ess_splice,,,,ENST00000366560,SIDG09108
GALNT3,2,165754931,165754931,-1,ess_splice,,,,ENST00000392701,SIDG09764
GALNT3,2,165765058,165765058,-1,ess_splice,,,,ENST00000392701,SIDG09764
GJB2,13,20189006,20189006,-1,frameshift,V,193,fs*3,ENST00000382844,SIDG10119
GJB2,13,20189049,20189059,-1,frameshift,P,175,fs*31,ENST00000382844,SIDG10119
GJB2,13,20189282,20189283,-1,frameshift,H,100,fs*14,ENST00000382844,SIDG10119
GJB2,13,20189387,20189389,-1,nonsense,Y,65,*,ENST00000382844,SIDG10119
GJB2,13,20189580,20189580,-1,start_lost,,,,ENST00000382844,SIDG10119
GJB2,13,20189581,20189581,-1,start_lost,,,,ENST00000382844,SIDG10119
HFE,6,26091041,26091041,1,frameshift,W,94,fs*117,ENST00000357618,SIDG11216
HFE,6,26091041,26091043,1,missense,G,93,R,ENST00000357618,SIDG11216
HNF1A,12,120989032,120989032,1,nonsense,Q,176,*,ENST00000257555,SIDG11670
HNF1A,12,120993520,120993521,1,nonsense,Q,176,*,ENST00000257555,SIDG11670
JMJD1C,10,63213866,63213868,-1,nonsense,G,767,*,ENST00000399262,SIDG13395
MAX,14,65006243,65006243,-1,silent,Y,71,Y,ENST00000341653,SIDG17350
MAX,14,65084290,65084290,-1,frameshift,L,61,fs*15,ENST00000246163,SIDG17350
MAX,14,65084301,65084301,-1,ess_splice,,,,ENST00000246163,SIDG17350
MAX,14,65102316,65102318,-1,nonsense,E,8,*,ENST00000358664,SIDG17350
MEN1,11,64805139,64805141,-1,nonsense,R,420,*,ENST00000377313,SIDG17577
MEN1,11,64807551,64807551,-1,ess_splice,,,,ENST00000450708,SIDG17577
MLH1,3,37012098,37012099,1,nonsense,R,226,*,ENST00000231790,SIDG19803
MLH1,3,37014432,37014432,1,nonsense,R,226,*,ENST00000231790,SIDG19803
MLH1,3,37048526,37048527,1,frameshift,G,638,fs*8,ENST00000231790,SIDG19803
MLH1,3,37048981,37048987,1,frameshift,"Q,S",692,"Hfs*92,fs*2",ENST00000231790,SIDG19803
MLH1,3,37050519,37050521,1,nonsense,K,713,*,ENST00000231790,SIDG19803
MSH2,2,47403192,47403192,1,start_lost,,,,ENST00000233146,SIDG20308
MSH2,2,47410133,47410133,1,frameshift,F,136,fs*38,ENST00000233146,SIDG20308
MSH2,2,47410211,47410213,1,missense,G,162,R,ENST00000233146,SIDG20308
MSH2,2,47410235,47410237,1,nonsense,Q,170,*,ENST00000233146,SIDG20308
MSH2,2,47429885,47429887,1,frameshift,Y,408,"Lfs*9,Sfs*8,fs*9",ENST00000233146,SIDG20308
MSH2,2,47429943,47429943,1,ess_splice,,,,ENST00000233146,SIDG20308
MSH2,2,47480803,47480805,1,nonsense,Y,856,*,ENST00000233146,SIDG20308
MSH2,2,47512411,47512413,1,nonsense,Q,915,*,ENST00000406134,SIDG20308
MSH6,2,47798725,47798725,1,frameshift,R,248,"Efs*31,fs*31",ENST00000234420,SIDG20313
MSH6,2,47798826,47798827,1,frameshift,V,282,fs*10,ENST00000234420,SIDG20313
MSH6,2,47799112,47799116,1,frameshift,R,379,fs*1,ENST00000234420,SIDG20313
MSH6,2,47799589,47799592,1,frameshift,K,537,fs*33,ENST00000234420,SIDG20313
MSH6,2,47799751,47799751,1,frameshift,P,591,fs*19,ENST00000234420,SIDG20313
MSH6,2,47800547,47800547,1,frameshift,I,856,fs*12,ENST00000234420,SIDG20313
MSH6,2,47800996,47800998,1,nonsense,R,1005,*,ENST00000234420,SIDG20313
MSH6,2,47805009,47805011,1,nonsense,S,1180,*,ENST00000234420,SIDG20313
MSH6,2,47806309,47806310,1,frameshift,V,1253,fs*23,ENST00000234420,SIDG20313
MSH6,2,47806606,47806612,1,frameshift,A,1320,"Efs*6,fs*6",ENST00000234420,SIDG20313
MSH6,2,47806630,47806631,1,frameshift,"L,N",1330,"Kfs*14,fs*12",ENST00000234420,SIDG20313
MSH6,2,47806836,47806837,1,frameshift,L,1356,fs*4,ENST00000234420,SIDG20313
MTAP,9,21931094,21931094,1,frameshift,P,79,Hfs*16,ENST00000577563,SIDG20442
NBN,8,89943295,89943297,-1,nonsense,R,714,*,ENST00000265433,SIDG21410
NBN,8,89943319,89943321,-1,nonsense,S,706,*,ENST00000265433,SIDG21410
NBN,8,89982764,89982766,-1,nonsense,R,43,*,ENST00000265433,SIDG21410
NF1,17,31169998,31169999,1,ess_splice,,,,ENST00000358273,SIDG21750
NF1,17,31182645,31182657,1,frameshift,D,290,fs*1,ENST00000358273,SIDG21750
NF1,17,31206297,31206299,1,nonsense,R,440,*,ENST00000358273,SIDG21750
NF1,17,31214523,31214525,1,missense,Y,489,C,ENST00000358273,SIDG21750
NF1,17,31223476,31223481,1,frameshift,T,586,"Vfs*18,fs*18",ENST00000358273,SIDG21750
NF1,17,31223569,31223569,1,ess_splice,,,,ENST00000358273,SIDG21750
NF1,17,31226456,31226458,1,nonsense,G,675,*,ENST00000358273,SIDG21750
NF1,17,31235963,31235965,1,nonsense,R,1306,*,ENST00000358273,SIDG21750
NF1,17,31249093,31249095,1,nonsense,R,1362,*,ENST00000358273,SIDG21750
NF1,17,31258500,31258502,1,missense,K,1444,E,ENST00000358273,SIDG21750
NF1,17,31261733,31261735,1,nonsense,R,1534,*,ENST00000358273,SIDG21750
NF1,17,31261742,31261743,1,frameshift,D,1537,fs*2,ENST00000358273,SIDG21750
NF1,17,31326251,31326254,1,ess_splice,,,,ENST00000358273,SIDG21750
NF1,17,31330378,31330380,1,nonsense,L,1898,*,ENST00000358273,SIDG21750
NF1,17,31336723,31336723,1,frameshift,A,2079,fs*3,ENST00000358273,SIDG21750
NF1,17,31338737,31338739,1,nonsense,Y,2285,*,ENST00000358273,SIDG21750
NF1,17,31350209,31350211,1,nonsense,R,2450,*,ENST00000358273,SIDG21750
NF1,17,31374129,31374131,1,missense,R,2832,H,ENST00000358273,SIDG21750
NF2,22,29681566,29681567,1,frameshift,R,568,fs*10,ENST00000338641,SIDG21764
PALB2,16,23603471,23603473,-1,nonsense,Y,1183,*,ENST00000261584,SIDG23865
PALB2,16,23614091,23614091,-1,nonsense,W,1038,*,ENST00000261584,SIDG23865
PALB2,16,23621362,23621363,-1,nonsense,W,1038,*,ENST00000261584,SIDG23865
PALB2,16,23621427,23621427,-1,frameshift,F,1016,fs*17,ENST00000261584,SIDG23865
PALB2,16,23621479,23621479,-1,ess_splice,,,,ENST00000261584,SIDG23865
PALB2,16,23629222,23629224,-1,nonsense,Q,856,*,ENST00000261584,SIDG23865
PALB2,16,23635067,23635067,-1,frameshift,T,494,fs*67,ENST00000261584,SIDG23865
PALB2,16,23635947,23635947,-1,frameshift,L,200,fs*1,ENST00000261584,SIDG23865
PALB2,16,23636058,23636059,-1,frameshift,V,163,fs*4,ENST00000261584,SIDG23865
PALB2,16,23636120,23636122,-1,nonsense,K,142,*,ENST00000261584,SIDG23865
PALB2,16,23638094,23638094,-1,silent,Y,28,Y,ENST00000261584,SIDG23865
PALB2,16,23638097,23638099,-1,nonsense,E,27,*,ENST00000261584,SIDG23865
PALB2,16,23641156,23641156,-1,start_lost,,,,ENST00000261584,SIDG23865
PAX5,9,36930887,36930887,-1,intronic,,,,ENST00000523493,SIDG23974
PHOX2B,4,41747656,41747657,-1,intronic,,,,ENST00000510424,SIDG24589
PMS2,7,5978675,5978683,-1,frameshift,L,731,"Cfs*3,fs*3",ENST00000265849,SIDG25103
PMS2,7,5986755,5986759,-1,ess_splice,,,,ENST00000265849,SIDG25103
PMS2,7,5986881,5986883,-1,nonsense,R,628,*,ENST00000265849,SIDG25103
PMS2,7,5986933,5986934,-1,frameshift,I,611,fs*2,ENST00000265849,SIDG25103
PMS2,7,5987085,5987087,-1,missense,C,560,Y,ENST00000265849,SIDG25103
PMS2,7,5987547,5987549,-1,nonsense,L,406,*,ENST00000265849,SIDG25103
PMS2,7,5989830,5989832,-1,frameshift,"N,V",372,"Ifs*2,fs*1",ENST00000265849,SIDG25103
PMS2,7,5989956,5989957,-1,ess_splice,,,,ENST00000265849,SIDG25103
PMS2,7,6003689,6003689,-1,ess_splice,,,,ENST00000265849,SIDG25103
PMS2,7,6003794,6003794,-1,ess_splice,,,,ENST00000265849,SIDG25103
PMS2,7,6005971,6005971,-1,frameshift,Q,30,fs*4,ENST00000265849,SIDG25103
PMS2,7,6008996,6008996,-1,ess_splice,,,,ENST00000265849,SIDG25103
PMS2,7,6009019,6009019,-1,start_lost,,,,ENST00000265849,SIDG25103
POLD1,19,50415597,50415597,1,splice_region,,,,ENST00000593407,SIDG25194
POLD1,19,50417924,50417924,1,frameshift,P,1102,fs*22,ENST00000440232,SIDG25194
POLE,12,132626237,132626239,-1,nonsense,E,2137,*,ENST00000320574,SIDG25201
POLE,12,132632509,132632509,-1,ess_splice,,,,ENST00000320574,SIDG25201
POLE,12,132632695,132632697,-1,nonsense,Q,2035,*,ENST00000320574,SIDG25201
POLE,12,132638070,132638071,-1,frameshift,C,1874,fs*47,ENST00000320574,SIDG25201
POLE,12,132641689,132641689,-1,frameshift,P,1779,fs*17,ENST00000320574,SIDG25201
POLE,12,132642586,132642588,-1,nonsense,W,1624,*,ENST00000320574,SIDG25201
POLE,12,132642841,132642843,-1,nonsense,Q,1569,*,ENST00000320574,SIDG25201
POLE,12,132643331,132643331,-1,ess_splice,,,,ENST00000320574,SIDG25201
POLE,12,132659328,132659338,-1,frameshift,Y,1078,fs*42,ENST00000320574,SIDG25201
POLE,12,132665438,132665439,-1,frameshift,K,778,fs*12,ENST00000320574,SIDG25201
POLE,12,132672809,132672810,-1,frameshift,C,501,fs*1,ENST00000320574,SIDG25201
POLE,12,132676546,132676548,-1,nonsense,Q,303,*,ENST00000320574,SIDG25201
POLH,6,43587489,43587489,1,nonsense,E,164,*,ENST00000372236,SIDG25207
POLH,6,43597696,43597697,1,nonsense,E,164,*,ENST00000372236,SIDG25207
POLH,6,43601092,43601092,1,ess_splice,,,,ENST00000372236,SIDG25207
POT1,7,124824015,124824016,-1,frameshift,D,617,fs*9,ENST00000357628,SIDG25294
POT1,7,124825278,124825279,-1,frameshift,M,589,fs*9,ENST00000357628,SIDG25294
POT1,7,124841046,124841048,-1,nonsense,R,432,*,ENST00000357628,SIDG25294
POT1,7,124841179,124841179,-1,ess_splice,,,,ENST00000357628,SIDG25294
POT1,7,124842898,124842899,-1,frameshift,Q,358,fs*13,ENST00000357628,SIDG25294
POT1,7,124863637,124863638,-1,frameshift,Q,87,fs*4,ENST00000357628,SIDG25294
PRDM9,5,23509036,23509036,1,start_lost,,,,ENST00000296682,SIDG25700
PRDM9,5,23509469,23509469,1,ess_splice,,,,ENST00000296682,SIDG25700
PRDM9,5,23509955,23509957,1,nonsense,R,77,*,ENST00000296682,SIDG25700
PRDM9,5,23522303,23522303,1,ess_splice,,,,ENST00000296682,SIDG25700
PRDM9,5,23523299,23523299,1,frameshift,R,299,fs*18,ENST00000296682,SIDG25700
PRDM9,5,23524416,23524418,1,nonsense,R,345,*,ENST00000296682,SIDG25700
PRDM9,5,23526268,23526270,1,nonsense,C,394,*,ENST00000296682,SIDG25700
PRDM9,5,23527555,23527557,1,nonsense,Q,823,*,ENST00000296682,SIDG25700
PRKAR1A,17,68522915,68522916,1,frameshift,Y,113,fs*2,ENST00000589228,SIDG25781
PRKAR1A,17,68530028,68530029,1,intronic,,,,ENST00000592800,SIDG25781
PRSS1,7,142751937,142751939,1,missense,R,122,H,ENST00000311737,SIDG25960
PTCH1,9,95476058,95476058,-1,frameshift,A,569,fs*11,ENST00000331920,SIDG26185
PTCH1,9,95482137,95482139,-1,missense,D,217,N,ENST00000331920,SIDG26185
PTCH1,9,95516817,95516817,-1,frameshift,E,2,fs*9,ENST00000437951,SIDG26185
PTEN,10,87957962,87957963,1,frameshift,C,250,fs*2,ENST00000371953,SIDG26200
PTPN11,12,112486481,112486483,1,missense,T,411,M,ENST00000351677,SIDG26287
PTPN11,12,112489047,112489049,1,missense,P,491,"L,S",ENST00000351677,SIDG26287
RAD50,5,132588872,132588874,1,nonsense,Q,413,*,ENST00000378823,SIDG26609
RAD50,5,132618134,132618136,1,nonsense,R,1077,*,ENST00000378823,SIDG26609
RAD51C,17,58692740,58692742,1,nonsense,Q,33,*,ENST00000337432,SIDG26616
RAD51C,17,58694964,58694965,1,frameshift,L,61,fs*11,ENST00000337432,SIDG26616
RAD51C,17,58695008,58695009,1,frameshift,Y,75,fs*1,ENST00000337432,SIDG26616
RAD51C,17,58695182,58695184,1,nonsense,Q,133,*,ENST00000337432,SIDG26616
RAD51C,17,58696811,58696812,1,frameshift,C,176,fs*27,ENST00000337432,SIDG26616
RAD51C,17,58706540,58706541,1,intronic,,,,ENST00000425173,SIDG26616
RAD51C,17,58709862,58709864,1,nonsense,R,237,*,ENST00000337432,SIDG26616
RAD51C,17,58724037,58724041,1,ess_splice,,,,ENST00000337432,SIDG26616
RAD51D,17,35107024,35107026,-1,nonsense,Q,168,*,ENST00000590016,SIDG26617
RAD51D,17,35116966,35116968,-1,missense,W,72,C,ENST00000590016,SIDG26617
RAD51D,17,35118560,35118562,-1,missense,G,68,S,ENST00000345365,SIDG26617
RAD51D,17,35119123,35119125,-1,missense,G,44,D,ENST00000345365,SIDG26617
RB1,13,48368537,48368539,1,nonsense,Q,354,*,ENST00000267163,SIDG26775
RECQL,12,21471088,21471089,-1,frameshift,Y,559,fs*1,ENST00000444129,SIDG27001
RECQL,12,21471619,21471621,-1,nonsense,Y,492,*,ENST00000444129,SIDG27001
RECQL,12,21471632,21471635,-1,frameshift,K,487,fs*2,ENST00000444129,SIDG27001
RECQL,12,21474975,21474977,-1,nonsense,R,407,*,ENST00000444129,SIDG27001
RECQL,12,21475544,21475546,-1,nonsense,K,380,*,ENST00000444129,SIDG27001
RECQL,12,21475774,21475777,-1,frameshift,S,333,fs*34,ENST00000444129,SIDG27001
RECQL,12,21475809,21475812,-1,frameshift,C,321,fs*46,ENST00000444129,SIDG27001
RECQL,12,21477850,21477850,-1,frameshift,C,274,fs*32,ENST00000444129,SIDG27001
RECQL,12,21483505,21483506,-1,frameshift,P,191,fs*18,ENST00000444129,SIDG27001
RECQL4,8,144513109,144513110,-1,frameshift,H,831,Rfs*52,ENST00000617875,SIDG27002
RET,10,43121967,43121969,1,missense,M,918,"T,V",ENST00000355710,SIDG27044
RHBDF2,17,76473842,76473844,-1,nonsense,W,574,*,ENST00000313080,SIDG27168
RHBDF2,17,76479232,76479234,-1,nonsense,Q,135,*,ENST00000313080,SIDG27168
SBDS,7,66988470,66988472,-1,nonsense,R,218,*,ENST00000246868,SIDG33711
SDHA,5,218356,218356,1,start_lost,,,,ENST00000264932,SIDG33914
SDHA,5,225979,225981,1,nonsense,Q,185,*,ENST00000264932,SIDG33914
SDHA,5,233627,233628,1,frameshift,L,349,fs*11,ENST00000264932,SIDG33914
SDHA,5,251104,251104,1,ess_splice,,,,ENST00000264932,SIDG33914
SDHB,1,17022657,17022660,-1,frameshift,"F,S",238,"Yfs*8,fs*10",ENST00000375499,SIDG33922
SDHB,1,17028671,17028675,-1,frameshift,I,117,fs*5,ENST00000375499,SIDG33922
SDHB,1,17044823,17044825,-1,nonsense,R,46,*,ENST00000375499,SIDG33922
SDHC,1,161323640,161323640,1,frameshift,H,17,fs*30,ENST00000367975,SIDG33923
SDHD,11,112086908,112086908,1,start_lost,,,,ENST00000375549,SIDG33928
SDHD,11,112088866,112088866,1,ess_splice,,,,ENST00000375549,SIDG33928
SDHD,11,112088938,112088940,1,missense,P,81,L,ENST00000375549,SIDG33928
SDHD,11,112094894,112094894,1,frameshift,F,136,fs*32,ENST00000375549,SIDG33928
SETBP1,18,44869229,44869229,1,ess_splice,,,,ENST00000649279,SIDG34206
SETBP1,18,44876667,44876669,1,nonsense,C,215,*,ENST00000426838,SIDG34206
SH2B3,12,111418767,111418769,1,missense,E,208,Q,ENST00000341259,SIDG34322
SMAD4,18,51076662,51076664,1,nonsense,R,445,*,ENST00000342988,SIDG35070
SMARCA4,19,10987797,10987799,1,nonsense,Q,331,*,ENST00000344626,SIDG35083
SMARCB1,22,23787170,23787170,1,start_lost,,,,ENST00000263121,SIDG35088
SMARCE1,17,40642554,40642556,-1,missense,M,19,I,ENST00000348513,SIDG35094
SOS1,2,38986145,38986147,-1,nonsense,S,1227,*,ENST00000402219,SIDG36071
SRGAP1,12,64016968,64016970,1,missense,Q,149,H,ENST00000355086,SIDG36420
STK11,19,1226608,1226608,1,silent,S,421,S,ENST00000326873,SIDG36713
TMEM127,2,96254054,96254056,-1,nonsense,Q,157,*,ENST00000258439,SIDG37976
TMEM127,2,96254060,96254062,-1,nonsense,L,155,*,ENST00000258439,SIDG37976
TMEM127,2,96254994,96254994,-1,frameshift,F,83,fs*3,ENST00000258439,SIDG37976
TP53,17,7669662,7669662,-1,frameshift,T,377,fs*45,ENST00000269305,SIDG38363
TP53,17,7670614,7670616,-1,missense,H,365,Y,ENST00000269305,SIDG38363
TP53,17,7674189,7674191,-1,missense,E,258,"A,D,E,G,K,Q,V",ENST00000269305,SIDG38363
TP53,17,7674219,7674221,-1,missense,R,248,"G,K,L,P,Q,R,W",ENST00000269305,SIDG38363
TP53,17,7674228,7674230,-1,missense,G,245,"A,C,D,N,R,S,V",ENST00000269305,SIDG38363
TP53,17,7674937,7674939,-1,nonsense,E,198,*,ENST00000269305,SIDG38363
TP53,17,7674946,7674948,-1,missense,I,195,"F,I,K,M,N,S,T",ENST00000269305,SIDG38363
TP53,17,7675156,7675158,-1,missense,P,152,"K,L,P,Q,R,S,T",ENST00000269305,SIDG38363
TP53,17,7675237,7675238,-1,ess_splice,,,,ENST00000269305,SIDG38363
TP53,17,7676039,7676041,-1,missense,R,110,"C,H,L,P",ENST00000269305,SIDG38363
TSC1,9,132905928,132905930,-1,missense,Q,550,E,ENST00000298552,SIDG39640
TSC2,16,2050409,2050411,1,missense,M,50,V,ENST00000219476,SIDG39641
TSC2,16,2087940,2087941,1,frameshift,D,1690,fs*138,ENST00000219476,SIDG39641
UROD,1,45013663,45013665,1,nonsense,Q,116,*,ENST00000246337,SIDG40436
UROD,1,45013714,45013715,1,frameshift,Y,133,fs*34,ENST00000246337,SIDG40436
UROD,1,45013785,45013786,1,frameshift,A,157,fs*11,ENST00000246337,SIDG40436
UROD,1,45014071,45014071,1,ess_splice,,,,ENST00000246337,SIDG40436
UROD,1,45014974,45014976,1,missense,N,304,K,ENST00000246337,SIDG40436
VHL,3,10146522,10146524,1,nonsense,W,117,*,ENST00000256474,SIDG40703
VHL,3,10146573,10146575,1,nonsense,E,134,*,ENST00000256474,SIDG40703
XPA,9,97675577,97675579,-1,nonsense,R,228,*,ENST00000375128,SIDG41252
XPC,3,14148732,14148732,-1,ess_splice,,,,ENST00000285021,SIDG41254
XPC,3,14158239,14158240,-1,frameshift,V,548,fs*25,ENST00000285021,SIDG41254
